Force Applied (N),Part Extension (mm)
0.0,0.00
0.0074199999999999995,9.42
0.015850000000000003,18.85
0.02427,28.27
0.031700000000000006,37.70
0.040119999999999996,47.12
0.048549999999999996,56.55
0.05597,65.97
0.0644,75.40
0.07282,84.82
0.08025,94.25
